﻿Designator,Quantity,Value,Footprint,Package,MPN,DNP,Mount_Type,Description,Description_1,Height,Manufacturer_Name,Mouser Part Number,Mouser Price/Stock,Arrow Part Number,Arrow Price/Stock
C1,1,0.22uF/100V,C_0603_1608Metric,,,,smt,"capacitor, small US symbol",,,,,,,
"C10, C15, C16, C19, C20, C9",6,22uF/25V,C_1206_3216Metric,,,,smt,"capacitor, small US symbol",,,,,,,
"C100, C106, C107, C92, C93, C99",6,33pF/50V,C_0402_1005Metric,,,,smt,"capacitor, small US symbol",,,,,,,
"C101, C102, C12, C13, C17, C23, C24, C85, C86, C94, C95",11,10uF/50V,C_1206_3216Metric,,,,smt,"capacitor, small US symbol",,,,,,,
"C103, C104, C105, C119, C87, C90, C91, C96, C97, C98",10,0.22uF/50V,C_0603_1608Metric,,,,smt,"capacitor, small US symbol",,,,,,,
"C108, C109, C11, C112, C113, C114, C116, C117, C118, C120, C121, C14, C18, C21, C25, C27, C28, C29, C30, C31, C32, C33, C34, C35, C36, C37, C38, C39, C40, C41, C42, C44, C46, C47, C48, C55, C56, C57, C58, C60, C61, C62, C63, C65, C66, C67, C68, C69, C70, C71, C72, C73, C74, C75, C77, C84",56,0.1uF/50V,C_0402_1005Metric,,,,smt,"capacitor, small US symbol",,,,,,,
"C110, C111, C115, C82, C83",5,39nF/50V,C_0603_1608Metric,,,,smt,"capacitor, small US symbol",,,,,,,
"C2, C3",2,47uF/100V,C_Elec_10x10.2,,,,smt,"Polarized capacitor, small US symbol",,,,,,,
C22,1,2.2uF/100V,C_1210_3225Metric,,,,smt,"capacitor, small US symbol",,,,,,,
"C26, C79, C89",3,4.7uF/10V,C_0603_1608Metric,,,,smt,"capacitor, small US symbol",,,,,,,
C4,1,0.1uF/100V,C_0603_1608Metric,,,,smt,"capacitor, small US symbol",,,,,,,
"C43, C45, C6, C7, C78, C80, C81",7,1uF/50V,C_0603_1608Metric,,,,smt,"capacitor, small US symbol",,,,,,,
"C49, C50",2,20pF/50V,C_0402_1005Metric,,,,smt,"capacitor, small US symbol",,,,,,,
C5,1,0.01uF/100V,C_0603_1608Metric,,,,smt,"capacitor, small US symbol",,,,,,,
"C51, C52",2,12pF/50V,C_0402_1005Metric,,,,smt,"capacitor, small US symbol",,,,,,,
"C53, C54, C59, C64, C76",5,2.2uF/10V,C_0603_1608Metric,,,,smt,"capacitor, small US symbol",,,,,,,
C8,1,30pF/50V,C_0603_1608Metric,,,,smt,"capacitor, small US symbol",,,,,,,
C88,1,47uF/50V,C_Elec_6.3x7.7,,,,smt,"Polarized capacitor, small US symbol",,,,,,,
"D1, D3",2,SS58c,D_SMC,,,,smt,"Schottky diode, Generic Symbol, Alternate KiCAD Library",,,,,,,
"D10, D9",2,NSR0240V2,D_SOD-523,,,,smt,"SOD-523 Schottky diode, 40V, 250mA, Alternate KiCAD Library",,,,,,,
"D11, D14, D17",3,MURA160T3G,DIOM5226X220N,,MURA160T3G,,smt,"Small Compact Surface Mountable Package with J-Bend Leads; Rectangular Package for Automated Handling; High Temperature Glass Passivated Junction; Low Forward Voltage Drop (1.05 Volts Max @ 1.0 A, TJ = 150C) Mechanical Characteristics:; Case: Epoxy, Molded; Weight: 70 mg (approximately); Finish: All External Surfaces Corrosion Resistant and Terminal Leads are Readily Solderable; Lead and Mounting Surface Temperature for Soldering Purposes: 260C Max. for 10 Seconds; Shipped in 12 mm Tape and Reel, 5000 uni","Small Compact Surface Mountable Package with J-Bend Leads; Rectangular Package for Automated Handling; High Temperature Glass Passivated Junction; Low Forward Voltage Drop (1.05 Volts Max @ 1.0 A, TJ = 150C) Mechanical Characteristics:; Case: Epoxy, Molded; Weight: 70 mg (approximately); Finish: All External Surfaces Corrosion Resistant and Terminal Leads are Readily Solderable; Lead and Mounting Surface Temperature for Soldering Purposes: 260C Max. for 10 Seconds; Shipped in 12 mm Tape and Reel, 5000 uni",2.2,onsemi,863-MURA160T3G,https://www.mouser.co.uk/ProductDetail/onsemi/MURA160T3G?qs=Gev%252BmEvV0iajoLiVF%252B%2Fg%252Bw%3D%3D,MURA160T3G,https://www.arrow.com/en/products/mura160t3g/on-semiconductor?utm_currency=USD&region=europe
"D12, D13, D15, D16, D18, D19",6,MBRM130LT1G,MBRM130LT1G,,MBRM130LT1G,,smt,"Low Profile - Maximum Height of 1.1 mm; Small Footprint - Footprint Area of 8.45 mm2; Low VF Provides Higher Efficiency and Extends battery Life; Supplied in 12 mm Tape and Reel; Low Thermal Resistance with Direct Thermal Path of Die on Exposed Cathode Heat Sink Mechanical Characteristics:; Powermite is JEDEC Registered as DO-216AA; Case: Molded Epoxy; Epoxy Meets UL94V-0 at 1/8""; Weight: 62 mg (approximately); Device Marking: BCG; Lead and Mounting Surface Temperature for Soldering Purposes. 260C Maximum","Low Profile - Maximum Height of 1.1 mm; Small Footprint - Footprint Area of 8.45 mm2; Low VF Provides Higher Efficiency and Extends battery Life; Supplied in 12 mm Tape and Reel; Low Thermal Resistance with Direct Thermal Path of Die on Exposed Cathode Heat Sink Mechanical Characteristics:; Powermite is JEDEC Registered as DO-216AA; Case: Molded Epoxy; Epoxy Meets UL94V-0 at 1/8""; Weight: 62 mg (approximately); Device Marking: BCG; Lead and Mounting Surface Temperature for Soldering Purposes. 260C Maximum ",,onsemi,863-MBRM130LT1G,https://www.mouser.co.uk/ProductDetail/onsemi/MBRM130LT1G?qs=3JMERSakebrXPEmSbT3BNg%3D%3D,MBRM130LT1G,https://www.arrow.com/en/products/mbrm130lt1g/on-semiconductor?utm_currency=USD&region=nac
D20,1,SMBJ54CA,DIONM5436X261N,,SMBJ54CA,,smt,TVS Diode Single Bi-Dir 54V 600W 2-Pin SMB T/R,TVS Diode Single Bi-Dir 54V 600W 2-Pin SMB T/R,2.61,LITTELFUSE,576-SMBJ54CA,https://www.mouser.co.uk/ProductDetail/Littelfuse/SMBJ54CA?qs=zHiv0nsVGmrCeImAAbuIqQ%3D%3D,SMBJ54CA,https://www.arrow.com/en/products/smbj54ca/littelfuse?utm_currency=USD&region=nac
"D4, D5, D6",3,B5819WS,SOD2613X100N,,B5819WS,,smt,DIODE SCHOTTKY 40V 1A SOD323,DIODE SCHOTTKY 40V 1A SOD323,1,"Yangzhou Yangjie Electronic Technology Co., Ltd.",,,,
D7,1,PRTR5V0U2X,SOT-143,,,,smt,"Ultra low capacitance double rail-to-rail ESD protection diode, SOT-143",,,,,,,
D8,1,WS2812B,LED_WS2812B_PLCC4_5.0x5.0mm_P3.2mm,,,,smt,RGB LED with integrated controller,,,,,,,
"FL1, FL2",2,BLM21PG600SN1D,BLM21AG102BH1J,,BLM21PG600SN1D,,smt,"Murata Ferrite Bead (Chip Ferrite Bead), 2 x 1.25 x 0.85mm (805), 60 impedance at 100 MHz","Murata Ferrite Bead (Chip Ferrite Bead), 2 x 1.25 x 0.85mm (805), 60 impedance at 100 MHz",1.05,Murata Electronics,81-BLM21P600S,https://www.mouser.co.uk/ProductDetail/Murata-Electronics/BLM21PG600SN1D?qs=LbqjZSvnDswFXSg06XQ50A%3D%3D,BLM21PG600SN1D,https://www.arrow.com/en/products/blm21pg600sn1d/murata-manufacturing?utm_currency=USD&region=europe
IC1,1,TLV74018PDBVR,SOT95P280X145-5N,,TLV74018PDBVR,,smt,LDO Voltage Regulators,LDO Voltage Regulators,1.45,Texas Instruments,595-TLV74018PDBVR,https://www.mouser.co.uk/ProductDetail/Texas-Instruments/TLV74018PDBVR?qs=sPbYRqrBIVnUPnO3PinrOQ%3D%3D,TLV74018PDBVR,https://www.arrow.com/en/products/tlv74018pdbvr/texas-instruments?utm_currency=USD&region=nac
IC10,1,SN74HC74PWRG4,SOP65P640X120-14N,,SN74HC74PWRG4,,smt,Flip Flop D-Type Pos-Edge 2-Element 14-Pin TSSOP T/R,Flip Flop D-Type Pos-Edge 2-Element 14-Pin TSSOP T/R,1.2,Texas Instruments,595-SN74HC74PWRG4,https://www.mouser.co.uk/ProductDetail/Texas-Instruments/SN74HC74PWRG4?qs=AgY10sKTvDL68yCkWP1iaQ%3D%3D,SN74HC74PWRG4,https://www.arrow.com/en/products/sn74hc74pwrg4/texas-instruments
IC2,1,LMR51610XDBVR,SOT95P280X145-6N,,LMR51610XDBVR,,smt,"Switching Voltage Regulators SIMPLE SWITCHER&reg; 4.5-V to 65-V, 1-A synchronous buck converter with 25-&micro;A&nbsp;IQ 6-SOT-23 -40 to 150","Switching Voltage Regulators SIMPLE SWITCHER&reg; 4.5-V to 65-V, 1-A synchronous buck converter with 25-&micro;A&nbsp;IQ 6-SOT-23 -40 to 150",1.45,Texas Instruments,595-LMR51610XDBVR,https://www.mouser.co.uk/ProductDetail/Texas-Instruments/LMR51610XDBVR?qs=HoCaDK9Nz5ewhMO5oRaw9w%3D%3D,LMR51610XDBVR,https://www.arrow.com/en/products/lmr51610xdbvr/texas-instruments?utm_currency=USD&region=nac
IC3,1,IS42S32800J-6TLI,SOP50P1176X120-86N,,IS42S32800J-6TLI,,smt,"DRAM 256M, 3.3V, SDRAM, 8Mx32, 166Mhz, 86 pin TSOP II RoHS, IT","DRAM 256M, 3.3V, SDRAM, 8Mx32, 166Mhz, 86 pin TSOP II RoHS, IT",1.2,Integrated Silicon Solution Inc.,N/A,https://www.mouser.com/Search/Refine.aspx?Keyword=N%2FA,IS42S32800J-6TLI,https://www.arrow.com/en/products/is42s32800j-6tli/integrated-silicon-solution-inc?utm_currency=USD&region=nac
"IC4, IC5, IC6",3,UCC27712QDRQ1,SOIC127P600X175-8N,,UCC27712QDRQ1,,smt,"Automotive 620-V, 1.8-A, 2.8-A High-Side Low-Side Gate Driver With Interlock","Automotive 620-V, 1.8-A, 2.8-A High-Side Low-Side Gate Driver With Interlock",1.75,Texas Instruments,595-UCC27712QDRQ1,https://www.mouser.co.uk/ProductDetail/Texas-Instruments/UCC27712QDRQ1?qs=BZBei1rCqCBvSoThMTpBlA%3D%3D,UCC27712QDRQ1,https://www.arrow.com/en/products/ucc27712qdrq1/texas-instruments?utm_currency=USD&region=nac
IC7,1,SN74HCS266QDRQ1,SOIC127P600X175-14N,,SN74HCS266QDRQ1,,smt,Logic Gates Automotive Schmitt-trigger inputs quadruple 2-input Exclusive-NOR gates with open-drain outputs 14-SOIC -40 to 125,Logic Gates Automotive Schmitt-trigger inputs quadruple 2-input Exclusive-NOR gates with open-drain outputs 14-SOIC -40 to 125,1.75,Texas Instruments,595-SN74HCS266QDRQ1,https://www.mouser.co.uk/ProductDetail/Texas-Instruments/SN74HCS266QDRQ1?qs=wnTfsH77Xs62exod%252Bx9jRQ%3D%3D,SN74HCS266QDRQ1,https://www.arrow.com/en/products/sn74hcs266qdrq1/texas-instruments?utm_currency=USD&region=nac
"IC8, IC9",2,SN74LVC3G17DCURG4,SOP50P310X90-8N,,SN74LVC3G17DCURG4,,smt,TRIPLE SCHMITT-TRIGGER BUFFER,TRIPLE SCHMITT-TRIGGER BUFFER,0.9,Texas Instruments,595-74LVC3G17DCURG4,https://www.mouser.co.uk/ProductDetail/Texas-Instruments/SN74LVC3G17DCURG4?qs=0smPjiIwnfKgD80d51RvQw%3D%3D,SN74LVC3G17DCURG4,https://www.arrow.com/en/products/sn74lvc3g17dcurg4/texas-instruments?utm_currency=USD&region=nac
J1,1,12V-48V Jack,BarrelJack_Wuerth_6941xx301002,,,,tht,DC Barrel Jack with an internal switch,,,,,,,
J10,1,ESP_BOOT_CONN,PinHeader_1x02_P2.54mm_Vertical,,,,tht,"Generic connector, single row, 01x02, script generated (kicad-library-utils/schlib/autogen/connector/)",,,,,,,
J11,1,501951-4000,5019514000,,501951-4000,,smt,"Molex 501951 Series 0.5mm Pitch 40 Way Vertical SMT Female FPC Connector, Vertical Contact","Molex 501951 Series 0.5mm Pitch 40 Way Vertical SMT Female FPC Connector, Vertical Contact",4,Molex,538-501951-4000,https://www.mouser.co.uk/ProductDetail/Molex/501951-4000?qs=sMDukONGwJXYoLxdZbfukg%3D%3D,,
J12,1,2061-603/998-404,CONN3_2061-603&slash_998-404_WAG,,,,smt,,,,,,,,
J13,1,2060-452/998-404,CONN2_2060-452&slash_998-404_WAG,,,,smt,,,,,,,,
J14,1,2060-453/998-404,CONN3_2060-453&slash_998-404_WAG,,,,smt,,,,,,,,
J2,1,12V~48V BAT_XT60_MALE,AMASS_XT60PW-M_1x02_P7.20mm_Horizontal,,,,tht,"Generic connector, single row, 01x02, script generated (kicad-library-utils/schlib/autogen/connector/)",,,,,,,
J3,1,DEBUG_CONN,PinSocket_1x07_P2.54mm_Vertical,,,,tht,"Generic connector, single row, 01x07, script generated (kicad-library-utils/schlib/autogen/connector/)",,,,,,,
J4,1,CAN_CONN,JST_SH_SM06B-SRSS-TB_1x06-1MP_P1.00mm_Horizontal,,,,smt,"Generic connector, single row, 01x06, script generated (kicad-library-utils/schlib/autogen/connector/)",,,,,,,
J5,1,I2C_CONN,PinSocket_1x04_P2.54mm_Vertical,,,,tht,"Generic connector, single row, 01x04, script generated (kicad-library-utils/schlib/autogen/connector/)",,,,,,,
J6,1,CAN_CONN2,PinSocket_1x04_P2.54mm_Vertical,,,,tht,"Generic connector, single row, 01x04, script generated (kicad-library-utils/schlib/autogen/connector/)",,,,,,,
J7,1,USB_C,USB_C_Receptacle_HRO_TYPE-C-31-M-12,,,,smt,,,,,,,,
J8,1,UART_CONN,PinSocket_1x04_P2.54mm_Vertical,,,,tht,"Generic connector, single row, 01x04, script generated (kicad-library-utils/schlib/autogen/connector/)",,,,,,,
J9,1,ESP_DBG_CONN,PinSocket_1x03_P2.54mm_Vertical,,,,tht,"Generic connector, single row, 01x03, script generated (kicad-library-utils/schlib/autogen/connector/)",,,,,,,
L1,1,SMMS1050-470M,L_SXN_SMDRI127,,,,smt,Inductor with iron core,,,,,,,
"L2, L5",2,MPL2520S2R2MHT,L_1008_2520Metric,,MPL2016S2R2MHT,,smt,Multilayer Chip Power Inductor  MPL Series,Multilayer Chip Power Inductor  MPL Series,1,SUNLORD,,,,
L3,1,SMDRI127-330MT,SMDRI127330MT,,SMDRI127-330MT,,smt,"3A 33uH Magnetic Shielded Inductor +/-20% 5.5A 65m SMD,12.3x12.3mm Fixed Inductors ROHS","3A 33uH Magnetic Shielded Inductor +/-20% 5.5A 65m SMD,12.3x12.3mm Fixed Inductors ROHS",8,Shun Xiang Nuo Elec,,,,
"L7, L8",2,SWPA4020S4R7MT,INDPM4040X200N,,SWPA4020S4R7MT,,smt,"Power Inductors 4.7uH +/-20% 1.34A SMD,4.0x4.0x2.0mm RoHS","Power Inductors 4.7uH +/-20% 1.34A SMD,4.0x4.0x2.0mm RoHS",2,SUNLORD,,,,
"LED1, LED2",2,LED_0603_Blue,LED_0603_1608Metric,,,,smt,"Blue SMD LED, 0603, Alternate KiCad Library",,,,,,,
LED3,1,LED_0603_Blue_BLE,LED_0603_1608Metric,,,,smt,"Blue SMD LED, 0603, Alternate KiCad Library",,,,,,,
LED4,1,LED_0603_Red,LED_0603_1608Metric,,,,smt,"Red SMD LED, 0603, Alternate KiCad Library",,,,,,,
"PS1, PS2",2,TPS563201DDCT,SOT95P280X110-6N,,TPS563201DDCT,,smt,"4.5 V to 17 V input, 3 A output, synchronous step-down converter in Eco-mode","4.5 V to 17 V input, 3 A output, synchronous step-down converter in Eco-mode",1.1,Texas Instruments,595-TPS563201DDCT,https://www.mouser.co.uk/ProductDetail/Texas-Instruments/TPS563201DDCT?qs=G55MHhPmvtJpxrlgluYVKA%3D%3D,TPS563201DDCT,https://www.arrow.com/en/products/tps563201ddct/texas-instruments?utm_currency=USD&region=nac
"PS3, PS4",2,TPS61169DCKR,SOT65P210X110-5N,,TPS61169DCKR,,smt,TPS61169 38-V High-Current Boost WLED Driver,TPS61169 38-V High-Current Boost WLED Driver ,1.1,Texas Instruments,595-TPS61169DCKR,https://www.mouser.co.uk/ProductDetail/Texas-Instruments/TPS61169DCKR?qs=pqSajtDZXRUDQbMtko%2F5HQ%3D%3D,TPS61169DCKR,https://www.arrow.com/en/products/tps61169dckr/texas-instruments?utm_currency=USD&region=nac
"Q1, Q2, Q3, Q4, Q5, Q6",6,STL130N6F7,FERD20U50DJFTR,,STL130N6F7,,smt,"N-channel 60 V, 0.003  typ., 130 A STripFET F7 Power MOSFET in a PowerFLAT 5x6 package","N-channel 60 V, 0.003  typ., 130 A STripFET F7 Power MOSFET in a PowerFLAT 5x6 package",1,STMicroelectronics,511-STL130N6F7,https://www.mouser.co.uk/ProductDetail/STMicroelectronics/STL130N6F7?qs=bKenfurwlsn66DUeXqgWIw%3D%3D,STL130N6F7,https://www.arrow.com/en/products/stl130n6f7/stmicroelectronics?utm_currency=USD&region=nac
R1,1,360k/0.1w,R_0603_1608Metric,,,,smt,"Resistor, small US symbol",,,,,,,
"R10, R11, R110, R117, R145, R146, R147, R148, R150, R152, R154, R157, R159, R164, R19, R20, R32, R5, R6",19,10k/0.063w,R_0402_1005Metric,,,,smt,"Resistor, small US symbol",,,,,,,
"R100, R101, R103, R104, R105, R106, R107, R108, R109, R111, R112, R113, R89, R91, R92, R93, R94, R95, R96, R97, R98, R99",22,22R/0.063w,R_0402_1005Metric,,,,smt,"Resistor, small US symbol",,,,,,,
"R102, R90",2,10.2R/0.125w,R_0805_2012Metric,,,,smt,"Resistor, small US symbol",,,,,,,
"R114, R115, R149, R153, R158",5,100/0.1w,R_0603_1608Metric,,,,smt,"Resistor, small US symbol",,,,,,,
"R116, R14, R163, R167, R17, R170, R18, R22, R24, R25, R26, R27, R28, R29",14,4.7k/0.063w,R_0402_1005Metric,,,,smt,"Resistor, small US symbol",,,,,,,
"R118, R119, R127, R128, R136, R137",6,2.2/0.25w,R_1206_3216Metric,,,,smt,"Resistor, small US symbol",,,,,,,
R12,1,120/0.1w,R_0603_1608Metric,,,,smt,"Resistor, small US symbol",,,,,,,
"R120, R124, R129, R133, R138, R142",6,3.3/0.125w,R_0805_2012Metric,,,,smt,"Resistor, small US symbol",,,,,,,
"R121, R125, R130, R134, R139, R143",6,5.1k/0.1w,R_0603_1608Metric,,,,smt,"Resistor, small US symbol",,,,,,,
"R122, R123, R131, R132, R140, R141",6,49.9/0.1w,R_0603_1608Metric,,,,smt,"Resistor, small US symbol",,,,,,,
"R126, R135, R144",3,0.01R,R_2512_6332Metric,,,,smt,"Resistor, small US symbol",,,,,,,
R13,1,10K/0.063w,R_0402_1005Metric,,,,smt,"Resistor, small US symbol",,,,,,,
"R15, R16",2,0R/0.063w,R_0402_1005Metric,,,,smt,"Resistor, small US symbol",,,,,,,
"R151, R155, R160",3,47k/0.125w,R_0805_2012Metric,,,,smt,"Resistor, small US symbol",,,,,,,
"R156, R161, R165, R168, R3",5,100k/0.1w,R_0603_1608Metric,,,,smt,"Resistor, small US symbol",,,,,,,
"R162, R166, R169",3,22/0.063w,R_0402_1005Metric,,,,smt,"Resistor, small US symbol",,,,,,,
R2,1,20k/0.1w,R_0603_1608Metric,,,,smt,"Resistor, small US symbol",,,,,,,
R21,1,NC_4.7k/0.063w,R_0402_1005Metric,,,,smt,"Resistor, small US symbol",,,,,,,
R23,1,120/0.125w,R_0805_2012Metric,,,,smt,"Resistor, small US symbol",,,,,,,
"R30, R31",2,NC_0R/0.063w,R_0402_1005Metric,,,,smt,"Resistor, small US symbol",,,,,,,
R4,1,33.2k/0.1w,R_0603_1608Metric,,,,smt,"Resistor, small US symbol",,,,,,,
R7,1,309/0.1w,R_0603_1608Metric,,,,smt,"Resistor, small US symbol",,,,,,,
R8,1,22.1k/0.1w,R_0603_1608Metric,,,,smt,"Resistor, small US symbol",,,,,,,
R9,1,54.9k/0.1w,R_0603_1608Metric,,,,smt,"Resistor, small US symbol",,,,,,,
RT1,1,NCP18XH103F03RB,THRMC1608X95N,,NCP18XH103F03RB,,smt,Thermistor NTC 10K Ohm 1% 2-Pin 0603 Surface Mount Solder Pad 3434K T/R,Thermistor NTC 10K Ohm 1% 2-Pin 0603 Surface Mount Solder Pad 3434K T/R,0.95,Murata Electronics,81-NCP18XH103F03RB,https://www.mouser.co.uk/ProductDetail/Murata-Electronics/NCP18XH103F03RB?qs=k3rQb2PKXqkF9YvF09qsvw%3D%3D,NCP18XH103F03RB,https://www.arrow.com/en/products/ncp18xh103f03rb/murata-manufacturing?utm_currency=USD&region=europe
S1,1,SS-12M11G4,SS12M11G4,,SS-12M11G4,,tht,"Toggle switch, vertical straight foot two gears, plug short foot, single row of high temperature resistance and high current,13.2x7.2x6.6 arc black handle 4mm","Toggle switch, vertical straight foot two gears, plug short foot, single row of high temperature resistance and high current,13.2x7.2x6.6 arc black handle 4mm",10.9,XKB Connectivity,,,,
"S2, S3, S4, S5",4,TSB008A2518A,TSB008A2518A,,TSB008A2518A,,smt,3.5mm 2.5mm Rectangle button 50mA Brick nogging 6mm 180gf 12V SMD Tactile Switches ROHS,3.5mm 2.5mm Rectangle button 50mA Brick nogging 6mm 180gf 12V SMD Tactile Switches ROHS,2.75,BZCN,,,,
TP2,1,TP_Ext_Volt,TestPoint_Pad_D1.5mm,,,,tht,test point,,,,,,,
U1,1,TL431AIDBZR,SOT95P237X112-3N,,TL431AIDBZR,,smt,1% Accuracy Adjustable Precision Shunt Regulator,1% Accuracy Adjustable Precision Shunt Regulator,1.12,Texas Instruments,595-TL431AIDBZR,https://www.mouser.co.uk/ProductDetail/Texas-Instruments/TL431AIDBZR?qs=odmYgEirbww5TG7DvnasYA%3D%3D,TL431AIDBZR,https://www.arrow.com/en/products/tl431aidbzr/texas-instruments?utm_currency=USD&region=europe
U10,1,W25Q128JVS,SOIC-8_5.3x5.3mm_P1.27mm,,,,smt,"128Mbit / 16MiB Serial Flash Memory, Standard/Dual/Quad SPI, 2.7-3.6V, SOIC-8",,,,,,,
"U11, U12, U13, U14, U15, U16, U18, U19, U20, U21, U6, U7, U8, U9",14,4D02WGJ0330T,4D02_2X1_ROH,,,,smt,,,,,,,,
U2,1,TXS0104EPW,TSSOP-14_4.4x5mm_P0.65mm,,,,smt,"Bidirectional  level-shifting voltage translator, TSSOP-14",,,,,,,
U22,1,Hall_Analog_Joystick,Hall_Analog_Joystick,,,,smt,,,,,,,,
"U23, U24",2,TLV9064,TSSOP-14_4.4x5mm_P0.65mm,,,,smt,"Quad Rail-to-Rail, Operational Amplifiers, 10MHz, SOIC-14/TSSOP-14",,,,,,,
U3,1,STM32H743BITx,LQFP-208_28x28mm_P0.5mm,,,,smt,"STMicroelectronics Arm Cortex-M7 MCU, 2048KB flash, 1024KB RAM, 480 MHz, 1.62-3.6V, 168 GPIO, LQFP208",,,,,,,
U4,1,SN65HVD230,SOIC-8_3.9x4.9mm_P1.27mm,,,,smt,"CAN Bus Transceivers, 3.3V, 1Mbps, Low-Power capabilities, SOIC-8",,,,,,,
U5,1,ESP32-C3-WROOM-02,ESP32-C3-WROOM-02,,,,smt,"802.11 b/g/n Wi­Fi and Bluetooth 5 module, ESP32­C3 SoC, RISC­V microprocessor, On-board antenna",,,,,,,
X1,1,SMD3225-4,Crystal_SMD_3225-4Pin_3.2x2.5mm,,,,smt,"SMD Quartz crystal, 4 terminals, 3.2mm x 2.5mm, Alternate KiCad Library",,,,,,,
Y1,1,X1A0000610002,Crystal_SMD_2012-2Pin_2.0x1.2mm,,,,smt,Two pin crystal,,,,,,,
